SYMBOL,SYMBOL P/E,ADJUSTED P/E
PENINLAND,48.87,47.94
THERMAX,61.56,61.56
WHEELS,15.11,15.11
RIIL,124.64,124.64
PREMIERPOL,21.40,21.40
RAYMOND,21.38,20.98
SHREDIGCEM,43.95,43.95
SESHAPAPER,16.14,16.14
SMLISUZU,18.30,18.30
SUNDRMFAST,36.78,36.78
FACT,,604.72
EXIDEIND,50.08,50.08
ELECON,34.30,34.30
CRISIL,52.06,52.06
LMW,144.14,144.14
PEL,65.41,
NELCO,193.15,193.15
MASTEK,17.57,17.79
MAHSCOOTER,57.58,77.05
LUMAXIND,40.38,40.38
TRENT,125.53,125.53
KECL,59.54,253.15
CUMMINSIND,43.43,43.43
KCP,9.41,8.53
JAYBARMARU,27.87,27.87
JBCHEPHARM,37.08,37.08
INFY,23.41,23.41
INDIAGLYCO,25.60,25.60
IONEXCHANG,34.75,34.75
IFBIND,38.87,38.87
IGPL,12.78,12.78
HIMATSEIDE,21.99,21.99
GNFC,13.65,13.65
BPCL,11.08,10.83
BHARATFORG,60.77,55.28
BASF,30.55,31.06
FORCEMOT,15.82,23.26
ATUL,40.89,40.89
ARVIND,30.63,30.63
ACC,14.17,14.68
TATAMOTORS,8.19,8.18
SCI,8.09,8.09
MRPL,782.62,782.62
LINDEINDIA,119.48,119.48
HINDPETRO,11.99,11.99
ESCORTS,29.87,29.83
RELINFRA,36.73,
BAJAJHLDNG,82.62,82.62
ASHOKLEY,21.37,21.67
ZUARIIND,,559.87
VOLTAS,42.58,42.58
TITAN,93.41,93.41
TATASTEEL,75.00,62.16
SUNDARMFIN,33.76,32.48
SPIC,12.15,12.15
VEDL,7.77,8.57
SBIN,8.80,8.80
RELIANCE,23.07,23.07
PFIZER,31.59,31.59
NOCIL,24.27,24.27
BOSCHLTD,43.72,43.74
DRREDDY,16.91,16.91
BATAINDIA,44.12,61.32
DEEPAKFERT,17.86,17.86
CHAMBLFERT,18.32,18.32
CARBORUNIV,50.31,59.49
MAHSEAMLES,11.08,11.08
HINDOILEXP,13.82,17.02
DICIND,30.65,31.58
COROMANDEL,32.75,37.73
BALMLAWRIE,17.55,17.55
VINDHYATEL,15.15,15.15
MOTOGENFIN,43.28,43.28
ASIANPAINT,61.80,57.72
RAMCOCEM,59.46,122.82
PGHL,35.36,34.08
ABREL,115.81,115.81
BEML,48.67,48.67
ADOR,26.55,23.63
CENTENKA,14.05,14.05
TATACHEM,104.11,62.31
TORNTPHARM,57.10,57.10
VTL,16.58,16.58
SUNDROP,517.53,463.21
FEDERALBNK,10.96,10.96
EPL,18.39,18.22
VLSFINANCE,4.71,4.71
SUPREMEIND,52.63,52.63
SRF,77.65,77.65
BIRLACABLE,85.45,85.45
BALRAMCHIN,28.00,28.00
AEGISLOG,39.51,39.51
WEIZMANIND,19.83,19.83
UNICHEMLAB,,40.27
BBOX,35.35,27.31
HONAUT,56.84,56.84
JTEKTINDIA,39.41,39.66
SAURASHCEM,181.77,181.77
RANEHOLDIN,8.43,79.55
PRECOT,13.40,16.65
TATAELXSI,45.53,45.53
SUNPHARMA,36.45,35.33
SHREYANIND,5.08,5.08
SANDESH,5.99,6.01
HCC,16.24,
ASHIMASYN,6.18,6.18
APOLLOHOSP,73.34,73.34
ARE&M,17.23,18.64
ADANIENT,53.27,61.21
IVP,13.40,13.40
BALKRISIND,29.89,29.89
INDBANK,15.99,15.99
GINNIFILA,56.39,56.39
EICHERMOT,37.82,37.82
RAJSREESUG,11.38,11.38
GVT&D,86.71,86.71
NEULANDLAB,53.18,66.66
ONGC,7.31,7.08
ZENSARTECH,24.59,24.59
TIL,8.47,177.95
TAINWALCHM,46.13,46.13
BERGEPAINT,57.67,57.67
BANARISUG,53.65,53.65
JINDALPOLY,9.92,16.79
KPIL,30.31,30.31
JYOTISTRUC,53.29,53.29
IGARASHI,52.86,52.86
BSL,14.07,14.07
BLUEDART,57.65,57.65
NKIND,908.24,908.24
JAYNECOIND,32.86,32.86
MUNJALSHOW,15.84,15.84
APCOTEXIND,31.42,31.42
SOTL,21.30,21.30
HSCL,36.85,36.85
RCF,27.64,29.38
RANASUG,8.58,8.58
KARURVYSYA,8.92,8.92
DECCANCE,401.98,70.47
ARENTERP,18.50,18.50
WSI,778.52,169.41
UFLEX,,8.11
TATAPOWER,33.99,32.78
ADVANIHOTR,20.60,20.60
THOMASCOOK,24.15,23.83
SUNFLAG,25.27,25.27
SUBROS,28.53,28.53
SPMLINFRA,38.43,40.41
SIMPLEXINF,13.98,13.98
SIEMENS,39.37,39.37
BHARATRAS,24.54,24.54
WIPRO,19.21,19.21
VSTIND,16.02,22.36
JUBLPHARMA,22.29,18.23
UNIVCABLES,37.13,37.13
TATACOMM,28.13,45.02
TOKYOPLAST,151.53,151.53
SOMANYCERA,30.98,30.34
MURUDCERA,26.30,26.30
IFCI,43.07,43.51
HLVLTD,29.72,32.65
SANOFI,35.47,33.23
M&M,29.58,29.58
LIBERTSHOE,52.04,38.34
KAJARIACER,41.30,41.30
KABRAEXTRU,22.73,22.73
HEIDELBERG,40.71,40.71
MODTHREAD,27.13,27.13
MANGLMCEM,44.55,44.55
POLYPLEX,9.27,9.27
PIDILITIND,72.20,71.56
PCBL,31.79,31.76
3PLAND,34.58,34.58
OSWALAGRO,22.60,22.59
EIHAHOTELS,25.27,24.29
HONDAPOWER,34.82,37.17
JINDALSAW,9.01,9.01
SAIL,26.37,17.00
RUBYMILLS,14.75,14.75
STYRENIX,20.56,20.56
ABB,61.50,61.50
IDBI,10.81,10.81
GRAPHITE,20.04,20.04
CANFINHOME,10.99,10.99
BRITANNIA,59.83,59.33
BBL,25.70,25.70
ELECTCAST,7.14,7.14
DHAMPURSUG,14.02,14.02
DCMSHRIRAM,25.63,25.63
DABUR,47.14,47.14
COSMOFIRST,12.28,12.28
CIPLA,23.90,23.90
HEROMOTOCO,17.29,17.29
HDFCBANK,20.04,19.78
HARRMALAYA,2556.18,47.40
GMBREW,11.64,11.64
GIPCL,12.96,12.96
ITC,26.23,26.22
INDIANHUME,19.46,19.46
HINDCOMPOS,17.53,12.97
IOC,16.43,19.34
OSWALGREEN,75.05,75.05
HUHTAMAKI,16.49,24.55
RICOAUTO,27.05,26.58
KAMATHOTEL,14.20,14.77
IFBAGRO,23.36,23.36
BANCOINDIA,17.07,17.07
MANINDS,15.53,15.53
APOLLOTYRE,22.97,21.73
SIYSIL,15.22,15.22
SHANTIGEAR,37.92,37.92
PRECWIRE,28.61,28.61
ONWARDTEC,22.46,22.46
NILKAMAL,23.92,23.92
NCC,15.60,15.23
ICIL,19.43,19.43
SEAMECLTD,21.88,23.85
ELGIEQUIP,43.60,43.60
AUROPHARMA,19.32,18.96
BBTC,6.04,5.89
EIHOTEL,30.60,30.89
LICHSGFIN,6.14,6.14
GICHSGFIN,5.22,5.22
BEPL,14.44,14.44
BANARBEADS,23.42,23.42
MOREPENLAB,24.42,24.42
WSTCSTPAPR,6.66,6.66
21STCENMGM,1.73,1.73
VENKEYS,17.13,17.13
GHCL,8.84,8.84
PRUDMOULI,24.69,22.62
PRAJIND,37.91,42.17
BIRLANU,,68.43
BPL,18.72,18.72
TRANSWORLD,14.61,14.61
KEEPLEARN,112.58,112.58
PGHH,63.18,63.18
VESUVIUS,36.83,36.83
TFCILTD,17.54,17.54
BOMDYEING,5.34,140.45
NAVNETEDUL,4.05,15.17
AGI,17.61,17.61
GLAXO,54.42,54.75
TATACONSUM,79.84,79.77
ZEEL,16.19,14.51
CHOLAFIN,29.88,29.88
INDHOTEL,52.17,60.01
FMGOETZE,12.43,12.43
KOTAKBANK,19.05,21.92
LYKALABS,101.74,100.96
ORIENTHOT,54.02,54.02
JAYSREETEA,8.78,41.26
GILLETTE,53.67,53.67
GOLDENTOBC,8.51,9.65
KANSAINER,20.70,41.61
FOSECOIND,33.56,33.56
ESABINDIA,41.21,41.21
3MINDIA,56.66,56.66
ANDHRAPAP,16.09,16.09
GABRIEL,35.70,35.70
SCHAEFFLER,61.62,61.62
AARTIIND,69.64,70.59
RALLIS,36.68,36.87
AMJLAND,12.41,12.41
PRAKASH,8.11,8.11
MFSL,138.94,138.94
KSB,56.43,56.43
KOPRAN,18.11,18.11
HEG,41.99,41.99
GODFRYPHLP,52.43,49.95
VARDMNPOLY,33.11,33.11
SURYAROSNI,17.85,17.85
TATAINVEST,140.46,140.46
GLFL,230.06,230.06
TIMKEN,52.23,52.23
SUDARSCHEM,68.41,99.73
SHREECEM,86.12,86.12
SAKHTISUG,2.54,
IPCALAB,47.68,47.12
INGERRAND,42.47,42.47
AKZOINDIA,36.35,36.35
HINDALCO,10.15,9.70
HINDZINC,16.67,16.57
HINDUNILVR,51.33,52.46
GSFC,13.53,13.70
GRASIM,23.25,22.00
AMBUJACEM,25.22,25.14
FINPIPE,13.90,24.26
FINCABLES,19.95,27.60
EIDPARRY,9.46,9.46
DCW,63.38,63.31
DCM,18.62,18.62
CGPOWER,95.80,95.80
HEUBACHIND,29.06,29.06
CESC,14.34,14.34
BIRLACORPN,27.58,25.08
BHEL,165.28,165.28
BEL,46.63,46.63
BAJFINANCE,32.04,32.04
ASHAPURMIN,12.77,15.78
PVP,731.54,770.87
NAVA,8.78,8.78
CORALFINAC,6.95,6.95
GREENPLY,26.20,26.20
TNPL,60.08,60.08
AUTOAXLES,16.60,16.60
REMSONSIND,25.50,25.75
DALMIASUG,11.05,11.05
NATCOPHARM,7.78,7.78
KHAITANLTD,7.22,7.22
SWARAJENG,28.65,28.65
MRF,31.24,31.24
GARFIBRES,38.31,38.31
ANDHRSUGAR,28.91,26.13
TNPETRO,11.97,15.61
TTKPRESTIG,40.35,40.35
STARPAPER,4.96,4.96
SKFINDIA,36.10,36.10
AUSOMENT,11.77,11.77
EIMCOELECO,21.93,21.93
JAYAGROGN,11.23,11.23
CUBEXTUB,18.28,18.28
MARICO,56.52,56.52
SILINV,20.29,20.29
SAMBHAAV,374.55,374.55
BIOFILCHEM,112.00,112.00
KEYFINSERV,8.91,8.91
SUNDRMBRAK,64.25,64.25
SANGAMIND,55.94,48.40
MOTHERSON,24.23,24.23
SOMATEX,1.58,
AARTIDRUGS,22.73,22.73
STERTOOLS,16.47,16.47
CREST,11.55,11.55
INDIANCARD,2.29,16.18
HITECHGEAR,22.46,22.44
WENDT,49.47,49.47
DENORA,230.29,230.29
TVSSRICHAK,62.01,50.71
SHRIRAMFIN,12.00,13.57
PUNJABCHEM,32.32,30.39
MIRZAINT,191.22,191.22
DYNAMATECH,51.41,101.43
GUJAPOLLO,38.70,38.70
GANESHHOUC,15.46,15.46
MMFL,12.96,13.01
JAGSNPHARM,24.51,34.14
ALKYLAMINE,44.83,44.83
JCHAC,91.07,88.08
MPHASIS,26.68,26.68
GUJRAFFIA,35.96,35.96
ATLASCYCLE,3.58,3.58
RAMCOIND,23.20,23.20
KOTHARIPET,13.86,13.80
HERITGFOOD,18.46,18.08
INDRAMEDCO,22.99,22.99
BANKBARODA,5.56,5.56
MADRASFERT,6.38,6.57
GAIL,11.06,13.40
INDNIPPON,17.54,17.54
SKMEGGPROD,12.39,12.39
BANKINDIA,5.37,5.37
CONCOR,31.04,30.41
ICICIBANK,18.20,18.20
KCPSUGIND,7.89,10.51
HUDCO,15.40,15.40
INDSWFTLAB,1.77,102.62
SAREGAMA,52.05,52.05
FDC,25.49,25.49
ENGINERSIN,30.88,30.88
ADROITINFO,17.17,17.17
JAICORPLTD,21.34,21.34
GMDCLTD,14.08,14.08
MAHAPEXLTD,13.68,16.48
INDUSINDBK,8.79,8.79
ASAHIINDIA,49.70,53.26
TRIGYN,7.67,7.44
J&KBANK,4.76,4.76
CUB,11.72,11.72
SOUTHBANK,5.10,5.10
ASTRAZEN,205.49,90.90
ITDCEM,25.83,25.83
AXISBANK,12.69,12.69
CYIENT,20.05,20.05
SONATSOFTW,24.15,24.15
CYBERTECH,12.65,12.65
KOKUYOCMLN,87.65,87.65
DHANBANK,16.27,16.27
SANGHVIMOV,14.97,14.97
STCINDIA,19.40,11.13
RSSOFTWARE,13.06,13.06
NATIONALUM,6.76,7.31
IVC,44.28,44.28
JINDALSTEL,30.56,
ALEMBICLTD,17.75,17.75
NIPPOBATRY,2.81,2.81
ICDSLTD,59.81,59.81
BSOFT,18.59,18.59
HCLTECH,24.48,24.48
ACCELYA,20.20,20.25
STAR,17.58,16.82
ZYDUSLIFE,19.25,19.25
RAJESHEXPO,139.87,139.87
SHREERAMA,23.96,23.96
NRBBEARING,19.78,20.67
IOB,19.75,19.75
GEPIL,49.95,49.95
KTKBANK,5.51,5.51
BLBLIMITED,16.56,16.56
AJANTPHARM,34.44,34.44
BLUESTARCO,55.31,56.21
CALSOFT,28.13,28.13
TVSMOTOR,51.80,51.80
PNBGILTS,6.83,6.91
TAJGVK,24.65,24.65
NLCINDIA,12.94,12.94
CHENNPETRO,56.78,56.78
KRBL,15.80,15.80
HAVELLS,66.02,66.02
GAEL,16.43,16.43
USHAMART,22.95,22.95
AXISCADES,61.88,60.47
UMIYA-MRO,18.47,18.47
TIPSMUSIC,46.48,46.48
KHANDSE,37.03,37.03
HIKAL,63.99,63.99
TRIDENT,45.99,45.99
MARKSANS,27.74,27.74
GOLDTECH,24.24,
SMARTLINK,21.89,21.89
GODREJCP,68.60,66.66
JISLJALEQS,92.09,92.09
LUPIN,32.17,32.17
UNITDSPR,79.10,75.57
TCI,26.22,26.04
MPSLTD,29.93,29.93
BHARTIARTL,46.64,61.08
ASAL,43.31,43.31
OLECTRA,69.23,71.82
PONNIERODE,14.12,14.12
PNB,6.06,6.06
APTECHT,46.21,45.01
SURANAT&P,25.04,25.15
TIMESGTY,76.95,76.95
OFSS,29.19,29.19
UNIONBANK,5.23,5.23
NUCLEUS,15.58,15.58
CANBK,5.11,5.11
GENESYS,49.82,49.82
OMAXAUTO,8.13,50.40
GODREJIND,23.98,23.98
DIVISLAB,77.39,77.39
RADICO,94.95,94.95
MARUTI,27.02,27.02
VARDHACRLC,27.27,27.27
UCOBANK,15.21,15.21
BAGFILMS,38.44,38.44
JSL,19.10,19.06
NSIL,43.59,43.59
WELSPUNLIV,21.98,21.98
JAIBALAJI,13.81,13.81
IGL,20.68,20.68
TVTODAY,12.76,12.25
UNIENTER,865.06,865.06
UPL,830.28,31.86
SIL,130.52,130.52
MUKANDLTD,14.88,14.88
PETRONET,13.01,13.01
PTC,8.70,8.52
VAIBHAVGBL,26.28,25.73
BIOCON,27.71,29.14
MAHABANK,6.73,6.73
XPROINDIA,50.20,48.20
RKFORGE,26.80,26.74
DATAMATICS,15.56,17.78
CCL,31.12,31.12
EXCELINDUS,16.09,16.09
LT,40.99,40.99
APARINDS,30.30,30.30
AMBICAAGAR,6.30,6.30
CENTEXT,16.19,16.42
NIITLTD,37.07,37.07
ULTRACEMCO,51.68,51.83
TCS,25.51,25.51
COFORGE,54.96,54.96
GULFPETRO,7.91,7.91
GUFICBIO,43.46,43.46
INDSWFTLTD,1.05,1.05
ASTRAMICRO,69.70,69.70
WELENT,18.26,18.26
NTPC,15.64,15.64
KOTARISUG,16.80,21.85
JBMA,58.69,58.69
SUPRAJIT,40.20,40.20
PATELENG,10.23,10.00
XCHANGING,19.68,19.68
JSWSTEEL,67.29,62.39
CONSOFINVT,5.50,5.50
JINDALPHOT,69.49,69.49
JPPOWER,11.20,11.20
EVEREADY,26.79,26.79
GOKEX,46.10,46.10
SAKSOFT,19.43,19.43
ALLDIGI,16.86,20.24
IIFL,27.37,9.30
MANGALAM,11.20,11.20
SHOPERSTOP,492.24,418.01
WELCORP,22.87,22.63
SSWL,5.29,16.42
SURYALAXMI,65.30,25.54
JKPAPER,8.52,8.52
PRIMESECU,20.05,21.69
GRANULES,22.32,22.32
JSWHL,138.29,138.29
GEOJITFSL,11.00,11.00
GENUSPOWER,40.73,40.73
YESBANK,25.66,25.66
MSPL,73.98,74.13
NECLIFE,27.06,27.06
SPLIL,9.35,9.35
GOLDIAM,33.35,33.35
SASKEN,41.73,41.73
FCSSOFT,159.72,42.97
IMPAL,15.36,15.36
SUZLON,62.80,61.36
AURIONPRO,42.86,42.86
TRIVENI,42.11,42.11
AIAENG,28.20,28.21
NAHARINDUS,21.45,20.03
ORIENTCER,37.73,37.73
EKC,13.00,12.74
VIMTALABS,32.38,32.38
KERNEX,255.39,255.39
NITINSPIN,12.39,12.39
ROHLTD,20.09,20.09
ENIL,70.82,70.82
GSPL,9.03,9.22
JAGRAN,9.87,9.87
GVKPIL,0.81,9.74
KEC,40.72,40.72
JKCEMENT,54.03,63.12
INDOTECH,34.42,34.42
M&MFIN,13.74,13.74
BLKASHYAP,26.35,28.66
CENTURYPLY,70.99,68.94
KEI,44.35,44.35
VAKRANGEE,149.85,149.85
SOLARINDS,103.97,103.97
GALLANTT,26.40,26.40
UTTAMSUGAR,16.46,16.46
KKCL,17.33,17.33
SUNTV,13.62,13.62
GPIL,14.82,14.83
RSYSTEMS,29.97,29.97
EMKAY,7.56,7.56
LOKESHMACH,58.18,58.18
BALPHARMA,20.32,20.32
SWELECTES,21.76,147.22
KAMDHENU,11.79,11.79
RATNAMANI,34.38,34.38
PIONEEREMB,21.32,21.32
JKLAKSHMI,32.49,32.49
ALLCARGO,101.02,60.12
MUNJALAU,10.61,13.09
EMAMILTD,34.39,34.39
TECHM,34.41,34.44
GRINDWELL,48.12,48.12
VOLTAMP,33.30,33.30
ATLANTAA,1.11,2.95
SELAN,10.28,10.28
ACE,35.21,35.21
ANANTRAJ,34.91,34.91
HOVS,15.84,15.84
BINANIIND,8.13,
TALBROAUTO,15.34,21.48
ALICON,18.74,18.74
GEECEE,12.38,12.38
JMFINANCIL,,11.40
FIEMIND,20.08,20.08
DCBBANK,6.79,6.79
INSPIRISYS,11.70,11.70
NAUKRI,105.78,108.09
AARVEEDEN,18.45,18.45
GESHIP,5.33,5.33
TORNTPOWER,28.46,28.46
MANALIPETC,45.08,39.83
LTFOODS,22.02,22.02
DONEAR,11.80,11.80
RUCHIRA,5.78,5.78
SOBHA,215.09,215.11
VENUSREM,11.49,14.36
JINDRILL,14.56,14.56
HIRECT,42.09,42.09
NFL,24.83,24.83
PLASTIBLEN,13.75,13.75
PARACABLES,14.66,14.66
HBLENGINE,46.37,43.65
TANLA,12.48,12.48
AVTNPL,20.72,20.72
VEEDOL,20.61,19.81
LUMAXTECH,19.27,19.27
SARLAPOLY,12.59,12.59
PTL,15.72,15.72
WANBURY,17.92,42.89
AUTOIND,15.62,14.06
GANDHITUBE,12.69,12.69
PITTIENG,27.48,27.48
UNOMINDA,61.66,63.47
IZMO,8.03,7.72
TIIL,23.60,22.97
ORIENTBELL,82.13,82.13
PGIL,22.73,22.78
REDINGTON,16.53,16.53
TTL,21.45,41.34
FSL,38.12,38.56
PFC,4.29,4.29
SMSPHARMA,33.30,33.30
INDIANB,6.76,6.76
PAGEIND,75.32,75.32
LAOPALA,27.24,27.24
AMDIND,83.45,83.45
JKTYRE,15.04,14.10
ASTRAL,65.49,65.49
NAHARPOLY,24.83,24.83
THEMISMED,32.32,32.32
NCLIND,21.63,18.89
BALAMINES,21.15,21.15
BANSWRAS,20.13,20.13
ICRA,33.93,33.93
PHOENIXLTD,40.62,40.98
NDLVENTURE,322.64,322.64
ZENITHSTL,13.73,13.73
BFUTILITIE,7.78,7.78
FORTIS,61.70,59.83
SRHHYPOLTD,10.22,9.77
ALPHAGEO,80.71,18.40
WEBELSOLAR,108.35,98.48
HILTON,53.34,53.34
INSECTICID,14.36,14.38
KMSUGAR,7.32,7.32
NAVINFLUOR,84.30,84.30
TIMETECHNO,18.57,18.57
NAGREEKEXP,13.29,13.29
NELCAST,25.00,28.49
V2RETAIL,82.95,82.95
DLF,63.74,87.24
TARMAT,,72.24
MEGASOFT,85.59,85.59
ADSL,18.56,18.56
ALPA,8.36,8.37
CENTRALBK,8.10,8.10
KPRMILL,54.78,54.78
CIEINDIA,18.71,18.71
MOTILALOFS,16.22,16.22
INDOWIND,34.20,34.20
NAGREEKCAP,0.91,0.91
MAGNUM,9.12,13.97
KSCL,23.13,23.13
POWERGRID,17.89,17.89
CCCL,6.89,
MANGCHEFER,18.50,18.50
MAANALU,24.27,24.27
DELTACORP,8.54,25.94
BAJAJELEC,58.95,58.95
ENERGYDEV,,117.31
CERA,30.24,30.10
RELIGARE,32.78,226.11
BVCL,27.04,27.04
ADANIPORTS,25.84,25.36
EDELWEISS,12.81,12.81
RGL,16.14,16.14
KOLTEPATIL,159.03,159.03
KAUSHALYA,2.74,2.74
COLPAL,47.46,47.46
JYOTHYLAB,36.17,36.17
MADHAV,405.23,405.23
KALYANIFRG,37.97,37.97
HITECHCORP,19.77,20.61
ECLERX,22.50,22.50
TARIL,66.36,67.09
BRIGADE,38.69,38.69
MANAKSIA,6.79,5.22
DVL,13.29,13.29
PATINTLOG,13.26,13.26
ARIES,11.44,11.44
AMBIKCO,12.03,12.03
CEATLTD,33.88,32.13
BIRLAMONEY,10.81,10.81
RPOWER,5.27,
JKIL,12.69,12.69
CORDSCABLE,15.81,15.81
KNRCON,4.47,4.43
HERCULES,20.93,20.93
SEPC,96.95,58.88
IRB,4.06,28.58
NMDC,8.73,8.70
GSS,14.44,14.44
NAHARCAP,12.99,12.99
RECLTD,6.37,6.37
VGUARD,53.48,53.48
NESCO,16.33,16.33
DPSCLTD,68.52,68.52
TITAGARH,30.20,30.03
BAJAJFINSV,17.93,17.93
BAJAJ-AUTO,26.72,26.72
DIGISPICE,21.19,39.64
GOKUL,41.46,41.46
RPGLIFE,18.35,35.25
ALMONDZ,46.23,46.23
LOTUSEYE,298.24,312.20
VINYLINDIA,22.98,22.98
UBL,134.89,130.67
ZFCVINDIA,54.78,54.78
20MICRONS,12.49,12.35
JOCIL,57.30,57.30
COUNCODOS,110.00,110.00
TPHQ,20.62,20.62
MAWANASUG,3.55,8.69
HINDNATGLS,7.69,1.19
AJMERA,22.58,22.58
MHRIL,47.97,47.97
VINATIORGA,43.51,43.51
EXCEL,33.52,33.52
ADANIPOWER,15.49,15.49
NHPC,25.16,25.16
GLOBUSSPR,159.55,159.55
OIL,8.98,8.99
EXPLEOSOL,13.51,13.51
RTNPOWER,23.84,23.84
AMRUTANJAN,40.43,40.43
SUNTECK,37.29,37.29
ZYDUSWELL,33.72,34.34
DEN,7.75,7.75
SHILPAMED,67.92,70.73
SARDAEN,22.40,22.38
REFEX,31.12,31.16
GILLANDERS,8.94,14.63
AHLUCONT,18.01,32.51
DLINKINDIA,15.85,15.85
JSWENERGY,42.54,42.54
GODREJPROP,40.92,40.12
DBCORP,10.78,10.78
HINDCOPPER,49.31,49.31
BEARDSELL,11.22,11.22
MMTC,77.62,73.68
NESTLEIND,69.38,72.42
TRF,15.04,15.04
WHIRLPOOL,48.07,46.10
UNITEDTEA,11.10,11.10
MBLINFRA,2.34,
JUBLFOOD,113.43,190.11
VASCONEQ,7.69,17.30
THANGAMAYL,51.43,51.43
EMMBI,20.85,20.85
HATHWAY,30.62,30.01
ARSSINFRA,69.44,69.44
TEXMOPIPES,29.75,10.80
MANINFRA,18.69,18.69
LGBBROSLTD,12.87,13.66
PERSISTENT,60.59,60.59
ISFT,12.47,12.47
KIRLOSBROS,33.95,33.57
TARAPUR,3.26,4.10
KSL,12.25,12.25
SJVN,34.84,38.05
KIRLOSIND,10.67,10.12
MANAPPURAM,16.07,16.07
UMESLTD,105.04,105.04
TI,29.05,27.83
HMVL,13.71,13.71
IMFA,7.92,7.92
BLISSGVS,17.16,7.35
AHLEAST,8.68,8.68
IITL,11.01,11.42
BAJAJCON,17.72,17.78
PRAKASHSTL,3.11,84.76
GPPL,18.65,17.11
ADFFOODS,30.43,30.43
WELINV,76.57,76.57
KILITCH,33.73,33.73
ORISSAMINE,634.92,634.92
DEEPAKNTR,34.76,37.82
SASTASUNDR,,9.46
CPCAP,7.43,7.43
GREENPOWER,37.34,41.00
RAMKY,11.22,11.22
CANTABIL,26.81,27.27
WABAG,29.53,29.15
ASHOKA,3.20,3.37
BEDMUTHA,17.13,17.13
JWL,36.37,36.37
OBEROIRLTY,25.15,25.15
PRESTIGE,68.89,68.89
SHAH,5.61,23.49
CGCL,28.08,28.08
RESPONIND,24.83,24.83
COALINDIA,6.76,6.76
IOLCP,18.77,18.77
GRAVITA,42.62,42.62
JINDWORLD,80.55,80.55
PENIND,20.69,20.69
RPPINFRA,10.26,10.26
JAMNAAUTO,17.91,17.91
MOIL,17.15,17.15
ZEELEARN,1.16,5.28
A2ZINFRA,19.51,
KIRLOSENG,19.65,20.64
RKDL,42.35,42.35
PSB,19.26,19.26
FMNL,0.92,7.10
SURANASOL,2902.00,2902.00
SHEKHAWATI,12.05,12.05
KICL,25.21,33.43
SUMMITSEC,28.79,25.21
STEL,45.20,45.20
HINDMOTORS,14.99,14.99
TEXRAIL,24.81,24.81
HFCL,29.34,29.34
DHUNINV,8.95,8.98
PFS,9.34,9.34
MUTHOOTFIN,17.58,17.58
VADILALIND,32.03,32.03
SYMPHONY,40.40,31.96
PIIND,32.60,32.60
RELAXO,57.00,57.00
OMINFRAL,45.75,45.75
VSTTILLERS,24.75,24.70
ASHIANA,174.27,132.13
DHANUKA,20.17,20.17
MAITHANALL,3.23,3.23
RUSHIL,13.93,13.93
INVENTURE,12.37,11.39
ELGIRUBCO,25.65,
LTF,15.26,15.26
BODALCHEM,131.41,108.91
ASAHISONG,29.97,29.97
FILATEX,14.26,14.26
BROOKS,194.53,194.53
TDPOWERSYS,41.40,41.40
APLLTD,30.47,31.00
VASWANI,12.29,12.29
PGEL,104.68,104.68
PANAMAPET,11.27,11.27
PAISALO,13.89,13.93
SHAKTIPUMP,25.86,25.86
TRITURBINE,45.72,45.72
INDOTHAI,147.90,147.90
ESSARSHPNG,0.97,63.40
DSSL,18.65,18.65
JISLDVREQS,1.47,1.47
POLYMED,76.80,76.80
RUPA,19.23,18.57
VIKASECO,25.63,25.63
APLAPOLLO,60.69,60.69
KANANIIND,39.89,39.89
MINDACORP,41.91,41.91
DBSTOCKBRO,16.27,16.27
IRFC,23.40,23.40
COMPUSOFT,178.78,178.78
RHIM,,33.73
SCHNEIDER,60.83,64.88
NDL,10.16,10.16
NBCC,48.27,42.70
TBZ,17.75,17.75
VSSL,20.56,20.56
SWANENERGY,12.88,12.88
SPECIALITY,26.46,26.46
SAMPANN,27.47,
RTNINDIA,15.81,15.81
THEJO,39.05,39.05
KITEX,41.00,41.00
MAYURUNIQ,15.49,15.49
ROSSELLIND,11.73,11.65
DUCON,13.62,13.62
TVSHLTD,7.31,7.31
ZUARI,5.26,5.26
VETO,11.35,11.35
CARERATING,31.80,31.80
PCJEWELLER,19.84,19.84
INDUSTOWER,10.31,10.31
VMART,148.88,437.10
REPCOHOME,5.43,5.43
JUSTDIAL,12.88,12.88
ATULAUTO,67.83,67.83
ORIENTCEM,79.80,79.80
ESSENTIA,23.24,23.24
PILITA,73.50,73.50
MITCON,10.79,10.79
ORBTEXP,11.28,11.28
JPOLYINVST,28.36,28.36
SREEL,23.73,23.73
NATHBIOGEN,7.82,7.90
CASTROLIND,21.32,21.32
SDBL,23.69,23.69
IREDA,24.76,24.76
BUTTERFLY,312.84,216.92
WONDERLA,36.20,36.20
AGARIND,11.41,11.41
HATSUN,70.60,70.60
CAPLIPOINT,27.35,27.36
GOCLCORP,9.58,8.81
GULFOILLUB,16.55,16.55
SNOWMAN,205.32,205.32
SHARDACROP,19.39,19.39
SUPERHOUSE,15.70,32.80
CIGNITITEC,19.38,19.11
PDSL,24.08,24.51
INTELLECT,43.75,43.78
MONTECARLO,15.25,15.25
GOODLUCK,14.03,14.03
FCL,22.14,22.14
GULPOLY,47.62,47.62
APOLSINHOT,44.11,44.11
CCHHL,167.66,167.66
LAMBODHARA,16.93,16.93
GRPLTD,47.31,47.31
GENUSPAPER,131.37,131.37
MOLDTKPAC,27.58,27.58
GREENLAM,50.24,50.24
VISHNU,25.57,25.57
GANECOS,37.20,37.20
LINC,17.26,17.26
MENONBE,23.23,23.23
HESTERBIO,56.62,56.62
JMA,7.89,7.89
MANAKALUCO,29.01,29.01
MANAKSTEEL,39.27,33.54
ZENTEC,56.90,57.38
IMAGICAA,48.78,43.74
INOXWIND,71.16,64.95
LFIC,6.93,6.93
BYKE,66.60,66.60
AVANTIFEED,23.20,23.20
VIPULLTD,0.74,0.73
VRLLOG,31.66,31.66
PRIVISCL,44.72,44.72
UFO,17.00,17.46
TPLPLASTEH,25.69,25.69
NILAINFRA,15.58,15.58
PNCINFRA,5.56,5.56
SKIPPER,34.08,34.08
ALANKIT,16.15,16.15
ORICONENT,109.59,103.65
ADANIENSOL,111.07,39.07
SYNGENE,49.82,52.57
AYMSYNTEX,104.71,104.71
EMKAYTOOLS,4.02,4.02
RAMASTEEL,61.34,61.34
PKTEA,27.57,27.57
MUTHOOTCAP,8.73,8.73
SATIN,9.98,9.98
ARVSMART,24.19,24.19
POWERMECH,26.17,26.13
SHARDAMOTR,14.55,14.55
SHREEPUSHK,13.74,13.74
GUJGASLTD,24.59,25.47
IDFCFIRSTB,32.53,32.53
INDIGO,32.39,32.39
SHK,403.26,17.06
BALAXI,10.54,10.96
LUXIND,23.60,23.60
TTKHLTCARE,19.79,24.18
UMANGDAIRY,26.42,26.42
SALZERELEC,22.52,22.52
PILANIINVS,27.91,27.91
KRIDHANINF,1.02,124.58
LINCOLN,12.49,12.49
LALPATHLAB,47.12,47.12
ALKEM,26.91,26.80
NH,46.37,46.37
OCCL,8.78,8.78
PRECAM,86.42,100.47
TEAMLEASE,31.29,31.29
QUICKHEAL,273.98,273.98
HITECH,26.93,26.93
VIDHIING,50.64,50.64
BHAGERIA,21.34,21.34
NECCLTD,17.83,17.83
KELLTONTEC,11.71,11.71
SEQUENT,174.19,186.35
GOKULAGRO,13.46,13.46
SIMBHALS,6.14,6.14
KDDL,21.40,21.38
HCG,118.76,124.25
HECPROJECT,30.63,30.63
WEALTH,18.72,18.32
BHARATWIRE,15.60,15.60
INFIBEAM,20.55,20.55
THYROCARE,44.03,44.03
CROMPTON,39.41,39.41
SAGARDEEP,44.40,44.40
PARAGMILK,19.10,19.10
SHRIPISTON,18.72,18.72
UNITEDPOLY,27.37,27.37
ARMANFIN,16.59,16.59
ALBERTDAVD,11.36,11.36
BLS,29.32,29.32
ASPINWALL,11.06,11.06
SALONA,19.08,19.08
PREMEXPLN,81.15,81.15
CONTROLPR,20.99,21.00
INCREDIBLE,17.17,17.17
MAHASTEEL,147.30,160.66
DAMODARIND,18.96,18.96
MGL,12.94,12.93
MOLDTECH,18.33,18.33
POKARNA,19.86,19.86
VIJIFIN,124.48,124.48
GPTINFRA,21.89,21.89
QUESS,12.63,12.36
GROBTEA,6.56,6.56
SOMICONVEY,32.15,32.15
LLOYDSENGG,68.12,68.12
LTIM,29.76,29.76
GATECH,27.35,27.35
MINDTECK,22.77,21.61
ADVENZYMES,22.92,21.35
DBL,7.59,10.47
SPAL,23.74,23.74
NDGL,38.37,37.01
RBLBANK,16.69,16.69
BIGBLOC,72.32,72.32
MBAPL,58.00,58.00
CUPID,23.41,23.41
LTTS,34.45,34.45
GNA,12.53,12.53
CROWN,9.92,31.53
ICICIPRULI,70.87,70.87
MARATHON,15.98,15.98
HPL,35.71,35.71
JAIPURKURT,12.43,12.43
SAKAR,42.94,42.79
PANSARI,85.32,85.32
ARTNIRMAN,71.77,71.77
ENDURANCE,36.27,36.27
GICL,78.39,78.39
MAZDA,14.77,14.77
PNBHOUSING,13.84,13.84
VBL,63.67,63.67
KINGFA,24.74,24.74
AGROPHOS,839.52,839.52
PODDARMENT,11.46,11.46
NBIFIN,95.48,95.48
JETFREIGHT,9.57,9.58
SFL,49.62,84.55
TCIEXP,25.66,25.66
LAURUSLABS,89.59,89.59
ITDC,62.42,62.36
HISARMETAL,25.71,25.71
RHFL,7.95,
LIBAS,5.16,5.16
PROLIFE,8.86,8.86
CAPTRUST,83.79,83.79
MAHESHWARI,12.13,12.13
BHANDARI,16.78,16.78
BSE,71.80,71.80
MCL,18.65,18.65
PRICOLLTD,29.85,29.85
STEELCITY,8.81,8.81
JITFINFRA,25.58,45.46
KRISHANA,23.67,23.67
GLOBAL,10.43,10.43
NITIRAJ,19.57,19.57
SANGINITA,41.63,41.63
AKASH,26.48,26.48
RADIOCITY,43.93,43.93
DMART,95.48,95.48
TASTYBITE,104.06,104.06
INTENTECH,12.50,12.50
AIRAN,11.52,11.52
ARIHANTSUP,21.81,21.81
URJA,427.47,427.47
LAXMICOT,186.43,222.93
CLEDUCATE,62.77,57.83
EIFFL,185.36,185.36
NRAIL,9.75,9.75
SHANKARA,22.58,22.58
CREATIVE,16.70,16.70
WIPL,63.75,63.75
FOCUS,24.18,24.18
DEVIT,12.25,12.25
ASLIND,,2087.71
SIKKO,29.77,29.77
MKPL,19.67,19.67
DOLLAR,22.33,22.47
PANACHE,93.33,40.19
INFOBEAN,19.43,19.01
SCHAND,15.39,15.39
BHAGYANGR,18.17,18.17
PSPPROJECT,37.56,37.56
JALAN,,12.53
STARCEMENT,66.28,66.28
GLOBE,8.98,9.77
TEJASNET,26.79,26.79
ERIS,56.28,56.28
CDSL,48.63,48.63
GTPL,23.48,23.54
AUBANK,24.29,24.29
ACEINTEG,40.26,40.26
DYNPRO,21.10,21.10
STEELXIND,23.18,23.18
SALASAR,28.56,28.56
UNIVASTU,0.00,0.00
AVADHSUGAR,14.66,14.66
MAGADSUGAR,10.55,10.55
GANGESSECU,26.44,26.44
THEINVEST,21.45,21.45
TOTAL,48.14,48.14
OPTIEMUS,77.52,77.52
WEWIN,26.89,26.89
COCHINSHIP,48.88,48.88
SMSLIFE,17.57,17.57
VAISHALI,285.98,285.98
GEEKAYWIRE,9.17,9.17
SERVOTECH,79.15,79.15
ABCAPITAL,14.63,14.63
APEX,408.98,408.98
PASHUPATI,193.23,193.23
BRNL,1.57,1.57
DIXON,107.84,136.34
MATRIMONY,22.18,22.18
CHOLAHLDNG,6.81,6.81
CAPACITE,14.95,14.95
ICICIGI,71.62,71.62
WORTH,11.22,11.22
SBILIFE,70.59,70.59
RMDRIP,148.19,148.19
DPWIRES,10.78,10.78
AARVI,15.05,15.05
AIROLAM,74.31,74.31
RKEC,6.74,6.74
GATECHDVR,5.67,5.67
JASH,40.36,40.29
RELIABLE,9.89,9.89
BETA,42.61,42.61
TIRUPATIFL,41.35,41.35
OMFURN,27.09,27.09
GODREJAGRO,38.64,38.64
TCPLPACK,24.68,24.68
MASFIN,15.00,15.00
IEX,40.74,40.74
DPABHUSHAN,30.25,30.25
GICRE,9.21,9.21
TIINDIA,47.52,47.31
NAM-INDIA,30.81,30.81
NIACL,26.31,26.31
IFGLEXPOR,28.19,28.19
KHADIM,93.97,93.97
5PAISA,16.24,16.24
HDFCLIFE,84.79,84.79
PULZ,13.32,13.32
SILVERTUC,40.48,40.48
ZODIAC,30.76,30.76
FELIX,46.83,46.83
ICEMAKE,48.99,48.99
DNAMEDIA,0.40,
SHRADHA,12.39,12.39
SHALBY,65.02,65.02
TOUCHWOOD,16.67,16.67
ONEPOINT,42.83,42.83
SHIVATEX,22.59,22.59
AJOONI,34.91,34.91
MOKSH,13.22,13.22
BCONCEPTS,62.69,62.69
SILLYMONKS,81.51,81.51
APOLLO,72.19,72.19
NEWGEN,48.28,48.28
AMBER,78.02,78.02
GALAXYSURF,24.01,24.01
SINTERCOM,318.51,318.51
MHHL,10.17,10.17
SOUTHWEST,39.00,41.08
ARVEE,77.08,77.08
ASTERDM,86.82,82.28
GMMPFAUDLR,42.05,42.05
HGINFRA,12.78,12.78
HINDCON,33.41,33.41
SARVESHWAR,26.05,26.05
TARACHAND,20.07,20.07
BDL,99.27,99.27
SUNDARMHLD,31.65,31.65
BANDHANBNK,9.17,9.17
HAL,34.76,34.77
URAVIDEF,348.18,348.18
MITTAL,30.85,30.85
SANDHAR,16.61,17.44
GIRIRAJ,41.01,41.01
KAPSTON,27.37,27.37
MIDHANI,59.55,59.55
LEMONTREE,46.98,46.98
AVG,9.05,13.49
MMP,19.93,19.93
NARMADA,15.33,15.33
CHEMFAB,149.43,149.43
BSHSL,52.38,52.38
MAHICKRA,47.89,47.89
AAKASH,15.14,15.14
GODHA,11.28,11.28
SOFTTECH,185.34,185.34
ORIENTELEC,60.30,60.30
E2E,112.32,112.32
INDOSTAR,57.99,57.99
SIRCA,30.06,30.06
SVLL,509.48,509.48
SONAMLTD,26.27,26.27
ADANIGREEN,89.47,75.83
PRITI,21.63,21.63
ACCURACY,8.78,8.78
GAYAHWS,,1.37
FINEORG,30.14,30.14
RITES,25.26,25.31
VARROC,72.99,35.70
GANGAFORGE,89.94,91.42
REPL,20.24,20.24
AVROIND,59.13,59.13
HDFCAMC,37.13,37.13
TEMBO,10.67,10.86
CREDITACC,20.41,20.41
AARON,45.13,45.13
SIGIND,12.58,12.58
SUMIT,33.98,33.98
LAGNAM,15.94,15.94
RPPL,13.96,13.96
AKG,47.52,47.52
IRCON,19.56,19.56
AHLADA,8.65,8.65
AAVAS,23.68,23.68
KSHITIJPOL,,13.59
GRSE,52.09,52.09
KRITIKA,23.36,23.36
PARIN,63.29,63.13
SILGO,24.82,24.82
VINNY,13.59,13.59
MARINE,66.56,66.80
IRISDOREME,43.53,43.53
ATGL,103.40,103.40
TECHNOE,39.22,39.22
SHUBHLAXMI,10.92,10.92
UNIPARTS,15.15,15.15
SHRIRAMPPS,18.78,18.78
TREJHARA,24.80,957.55
NILASPACES,30.28,30.28
AWHCL,16.86,16.86
DALBHARAT,51.43,44.92
RPSGVENT,42.76,7.98
CHALET,172.52,172.52
MSTCLTD,8.43,16.89
OSIAHYPER,12.71,12.71
ANUP,48.73,48.73
ARVINDFASN,36.87,36.87
PAR,9.01,9.01
RVNL,55.46,55.46
POLYCAB,42.41,42.41
METROPOLIS,56.59,56.59
KPITTECH,40.76,40.76
SWSOLAR,68.71,68.71
NEOGEN,79.94,79.94
EMAMIPAP,10.82,10.82
CONFIPET,22.51,22.75
PPL,9.49,9.49
DGCONTENT,8.59,8.59
INDIAMART,22.58,22.58
ATMASTCO,29.58,29.58
OAL,26.81,26.81
DCMNVL,59.67,174.57
SATIA,5.72,5.72
WEL,145.40,145.40
AFFLE,55.65,55.65
CHEMCON,28.97,28.97
WESTLIFE,914.45,914.45
DOLATALGO,5.78,5.78
HNDFDS,59.24,59.24
UJJIVANSFB,10.85,10.85
MAZDOCK,45.09,45.09
IRCTC,46.58,46.87
SAFARI,71.78,71.78
DCI,24.15,24.15
360ONE,35.51,33.44
IIFLCAPS,9.95,9.95
HPIL,87.74,87.74
SAMHI,74.22,79.82
FLUOROCHEM,91.24,91.24
GREENPANEL,37.19,37.19
KUANTUM,7.20,7.20
APOLLOPIPE,53.46,53.46
CHEMBOND,11.42,11.75
MGEL,17.19,15.63
ROUTE,17.21,16.56
SBICARD,43.40,43.40
HOMEFIRST,30.98,30.98
SIGMA,16.26,16.26
CSBBANK,10.09,10.09
EQUITASBNK,46.83,46.83
EASEMYTRIP,52.31,28.30
ROSSARI,27.30,27.30
PRINCEPIPE,36.99,36.99
LIKHITHA,14.35,14.35
PARKHOTELS,39.53,39.53
ARTEMISMED,45.48,45.48
PATANJALI,55.50,55.50
SUMICHEM,48.43,48.43
LGHL,115.55,117.21
ATALREAL,35.63,35.63
ASALCBR,23.04,23.04
MAHEPC,52.53,52.53
UNIVPHOTO,7.18,7.18
BAFNAPH,39.64,36.60
SUVENPHAR,98.20,98.20
POWERINDIA,214.23,214.23
STOVEKRAFT,48.49,48.49
BHARTIHEXA,68.91,81.84
KSOLVES,23.05,23.05
RAJRATAN,33.19,33.19
HAPPSTMNDS,39.50,41.20
AARTISURF,38.30,75.17
GLAND,33.35,33.35
BOROLTD,55.57,55.57
NDRAUTO,40.17,40.17
MAXHEALTH,108.71,103.39
PAVNAIND,55.45,55.45
AAATECH,28.59,28.59
KALYANKJIL,74.98,74.98
BTML,35.00,34.99
SHAREINDIA,7.48,7.48
UNIDT,27.77,27.77
SIGACHI,19.77,19.77
ANGELONE,17.95,17.95
ADL,216.37,216.37
NIRAJ,18.00,16.93
CAMS,37.01,37.01
SURYODAY,10.63,10.63
ROML,23.91,23.91
UTIAMC,15.46,15.46
RAILTEL,33.01,31.24
BECTORFOOD,62.38,62.38
KHAICHEM,355.45,355.45
ORCHPHARMA,35.73,35.73
INDIGOPNTS,32.52,32.52
LXCHEM,34.95,34.95
MTARTECH,100.13,100.13
FAIRCHEMOR,30.39,30.39
ANURAS,71.44,71.44
KANPRPLA,26.31,26.31
ISGEC,30.04,30.04
RUBFILA,16.47,16.47
STYLAMIND,20.91,20.78
PAKKA,17.08,17.08
CLSEL,14.92,14.92
PARTYCRUS,13.46,13.46
CARYSIL,28.40,28.40
SHAILY,89.83,89.83
MODISONLTD,18.37,18.63
FIBERWEB,7.84,7.84
BCLIND,10.93,10.93
BHAGCHEM,167.51,167.51
SBCL,30.52,30.52
AADHARHFC,20.86,20.86
SMCGLOBAL,7.63,7.63
QMSMEDI,13.98,13.98
ARIHANTCAP,12.05,12.52
NAZARA,129.57,128.17
IPL,25.76,25.76
GENCON,17.10,17.10
LODHA,44.49,44.49
HLEGLAS,38.30,38.30
SONACOMS,51.89,50.66
UTKARSHBNK,104.17,104.17
DRCSYSTEMS,18.60,18.60
PARAS,95.62,95.62
CRAFTSMAN,58.10,53.96
DODLA,26.58,26.58
JUBLINGREA,53.49,53.47
ROLEXRINGS,24.04,19.98
SHYAMMETL,26.58,26.58
KIMS,66.88,66.88
MAKS,92.63,39.32
JSFB,10.04,10.04
TATVA,302.44,302.44
CLEAN,48.51,48.51
ALIVUS,30.97,30.97
ABSLAMC,19.96,19.96
DEEPINDS,,14.17
ETERNAL,415.94,415.94
BEWLTD,16.49,16.49
PIXTRANS,17.73,17.73
MEDIASSIST,32.59,32.59
WINDLAS,33.37,33.37
CARTRADE,52.20,52.20
KRSNAA,30.11,30.11
DEVYANI,,1609.33
APTUS,20.96,20.96
SUPRIYA,29.01,29.01
ANMOL,9.42,9.42
BMETRICS,14.29,14.29
ABCOTS,83.74,83.74
VIJAYA,71.48,71.48
AMIORG,59.26,59.26
IWEL,38.14,36.39
SANSERA,33.78,33.78
BAJAJHCARE,,37.52
PRITIKAUTO,11.23,11.23
NIVABUPA,76.89,76.89
AAREYDRUGS,26.27,26.27
GRINFRA,8.70,10.98
INTLCONV,5.10,5.10
DUGLOBAL,71.78,71.78
REXPIPES,12.92,12.78
STEELCAS,27.72,27.72
HPAL,23.28,23.28
UGROCAP,10.98,10.98
STARHEALTH,32.74,32.74
KPIGREEN,25.97,25.76
YUKEN,42.42,42.42
SGIL,44.75,44.75
ANANDRATHI,47.03,47.03
SJS,27.15,27.15
FINOPB,20.73,20.73
POLICYBZR,306.56,357.81
NYKAA,856.96,856.96
AWL,28.22,28.22
MONARCH,14.12,14.12
SAPPHIRE,577.39,467.98
DKEGL,9.25,9.25
QUADPRO,14.79,14.79
PRUDENT,48.94,48.94
EPIGRAL,21.19,21.19
NUVOCO,539.41,539.41
GOCOLORS,49.72,49.72
IXIGO,99.31,107.59
CMSINFO,19.48,19.48
TARSONS,65.99,65.99
MEDPLUS,71.85,71.85
TEGA,46.38,46.38
RATEGAIN,25.43,25.43
MANORG,25.64,25.64
LATENTVIEW,49.08,49.08
METROBRAND,69.90,69.90
PVSL,30.53,30.53
MICEL,22.95,22.95
EMCURE,37.42,37.42
PASUPTAC,10.56,10.56
FOODSIN,26.56,26.56
PARADEEP,20.94,20.94
MAPMYINDIA,65.95,65.95
TMB,6.00,6.00
KRITI,190.83,190.83
MANYAVAR,45.22,45.22
GANESHBE,11.94,11.94
GVPTECH,57.51,57.51
DMCC,31.41,31.41
MEDICAMEQ,80.21,80.21
EMIL,29.23,29.23
SHIVALIK,43.24,43.24
PRECISION,7.18,7.18
UMAEXPORTS,13.21,12.98
WAAREEENER,115.63,115.07
DATAPATTNS,71.85,71.85
JSLL,64.27,64.27
COOLCAPS,178.21,178.06
MEDANTA,61.97,61.97
AFSL,10.29,10.29
MALLCOM,17.73,17.73
NIDAN,,8.47
IRIS,35.36,35.36
ASIANENE,41.82,39.69
SMLT,30.38,30.38
NRL,25.45,25.45
RADIANTCMS,14.15,14.15
GPTHEALTH,24.30,24.30
CHOICEIN,76.02,76.02
EUROBOND,24.05,24.05
HARIOMPIPE,19.56,19.56
GRWRHITECH,23.88,23.88
CAPITALSFB,7.28,7.28
DELHIVERY,906.24,504.03
DCMSRIND,13.16,13.16
EMUDHRA,67.82,67.82
DYCL,24.08,24.08
FIVESTAR,18.47,18.47
STARTECK,24.23,24.23
VIRINCHI,29.64,29.64
SBC,35.85,35.85
DHRUV,21.47,21.47
ELDEHSG,25.38,25.38
ELIN,45.20,45.20
MADHAVBAUG,36.12,36.12
SEJALLTD,35.34,35.34
MHLXMIRU,14.60,14.60
RELCHEMQ,45.29,45.29
GATEWAY,4.80,12.46
SYRMA,53.88,53.26
ZIMLAB,26.24,26.24
JTLIND,21.27,21.27
CAMPUS,61.76,61.76
RAINBOW,57.15,57.15
TBOTEK,58.42,59.33
VENUSPIPES,25.24,25.24
AETHER,98.14,57.79
ROTO,41.62,41.62
MEGASTAR,69.73,69.73
GSTL,19.15,19.15
INDOBORAX,13.83,13.83
LANDMARK,64.05,
RACE,69.76,69.76
ETHOSLTD,47.68,47.68
DREAMFOLKS,17.53,17.53
MSUMI,41.58,41.58
KNAGRI,16.58,16.58
LEMERITE,221.03,221.03
DHARMAJ,22.66,22.66
HARSHA,36.36,37.16
KRISHIVAL,42.41,42.41
OBCL,109.57,109.57
GMRP&UI,4.20,
KCK,145.05,145.05
LICI,11.56,11.56
INDOAMIN,16.82,16.82
KRISHNADEF,62.49,62.49
PROPEQUITY,17.62,17.62
SWARAJ,18.45,18.45
AMEYA,20.52,20.52
INOXGREEN,141.26,141.26
FEDFINA,13.90,13.90
ACI,42.17,35.76
BIKAJI,62.42,62.42
RITCO,17.18,17.18
SURAJEST,12.94,12.94
SKP,363.31,363.31
RILINFRA,17.77,17.77
CHEVIOT,9.52,9.52
MUKKA,14.65,14.65
HMAAGRO,19.95,19.95
MWL,17.44,19.09
MEDICO,41.49,41.49
KFINTECH,55.12,55.12
YATHARTH,34.11,34.11
DCXINDIA,63.76,63.76
YATRA,45.69,45.69
ARISTO,18.84,18.84
KAYNES,140.34,140.34
NGLFINE,20.62,20.62
JFLLIFE,10.38,10.38
SWASTIK,29.28,29.28
FIDEL,23.53,23.53
AXITA,44.11,47.05
PLAZACABLE,139.25,139.25
SENCO,42.43,42.43
USASEEDS,14.53,14.53
RADHIKAJWE,16.88,16.88
SPLPETRO,33.83,33.83
RAMRAT,32.06,32.06
CSLFINANCE,8.90,8.90
GOYALALUM,56.64,56.64
RUSTOMJEE,38.61,38.61
GENSOL,2.85,2.85
DBOL,30.46,27.22
KANDARP,77.43,77.43
SPORTKING,12.89,12.89
ALLETEC,28.94,28.94
AIIL,7.38,7.38
ABDL,80.87,80.87
MANORAMA,70.43,70.43
ARABIAN,10.38,10.38
INNOVACAP,37.66,37.66
GRMOVER,27.12,27.12
SYNCOMF,36.26,36.26
DJML,48.47,48.47
BAHETI,33.68,33.68
SULA,33.22,33.22
SIGNATURE,198.73,198.73
ANNAPURNA,30.70,30.70
KRITINUT,11.93,11.93
MEGAFLEX,39.77,39.77
KALAMANDIR,17.30,17.30
RAMAPHO,31.57,31.57
AVALON,83.11,83.11
RITEZONE,7.36,7.36
CONCORDBIO,49.20,49.20
GODIGIT,63.10,63.10
GRCL,124.08,124.08
BAIDFIN,11.20,11.20
PHANTOMFX,14.20,14.20
AMIABLE,8.84,8.84
KAMOPAINTS,49.17,49.17
DOLLEX,22.63,22.63
BLUEJET,53.62,53.62
MVGJL,10.58,10.58
SCPL,16.55,16.55
SUKHJITS,13.03,13.03
ARHAM,23.58,23.58
FROG,24.96,24.96
MANKIND,48.45,48.45
SKYGOLD,39.29,39.29
SATINDLTD,11.41,11.40
DIVGIITTS,48.23,48.23
PRITIKA,62.71,62.71
USK,15.75,15.75
ANLON,43.84,43.84
MOTISONS,36.76,37.11
VELS,42.64,42.64
CMNL,40.42,39.70
SRIVASAVI,13.03,13.03
DIACABS,113.11,119.53
IKIO,39.90,39.90
MANOMAY,15.14,15.14
FAZE3Q,45.30,45.30
UMA,24.04,24.04
LLOYDSME,42.42,42.42
AARTIPHARM,25.47,25.47
RHL,48.59,48.59
SAHYADRI,15.17,15.17
SAHANA,44.07,44.07
NINSYS,32.96,32.96
DUCOL,37.49,37.49
HOMESFY,13.58,13.27
SBFC,30.99,30.99
ASMS,166.34,191.38
HYBRIDFIN,8.68,8.12
SHERA,35.16,35.16
VIAZ,27.00,27.00
INDGN,32.66,32.66
ZAGGLE,59.73,59.73
GANDHAR,16.61,16.61
MCON,39.52,39.52
HONASA,102.59,102.59
RISHABH,53.20,53.20
IRMENERGY,20.01,20.01
SAH,999.02,999.02
DENEERS,19.36,19.36
JGCHEM,19.01,19.01
CYIENTDLM,49.64,49.64
AKI,29.32,40.61
MASTER,21.87,21.87
YCCL,82.30,82.30
RPTECH,8.83,9.23
SYSTANGO,16.67,16.67
RATNAVEER,15.85,15.85
MOS,57.31,57.31
SECMARK,28.24,28.24
AUROIMPEX,11.59,11.59
SPECTSTM,21.10,21.10
ATAM,15.15,15.15
AFIL,9.01,9.01
SHRITECH,13.75,13.75
INFOLLION,35.93,35.93
LAL,12.20,12.20
URBAN,14.10,14.10
INFINIUM,43.50,43.50
AARTECH,34.66,34.66
POCL,37.52,37.52
KRISHCA,23.12,23.12
ESFL,241.65,241.65
TATATECH,40.15,40.15
REMUS,27.60,27.60
NOVAAGRI,13.47,13.47
REDTAPE,43.43,43.43
ASHOKAMET,4.06,4.06
PENTAGON,17.99,17.99
CELLPOINT,135.04,135.04
SEL,37.57,37.57
GREENCHEF,26.74,26.74
PTCIL,359.83,357.36
NETWEB,77.95,77.95
PYRAMID,20.82,20.82
AEROFLEX,38.78,38.78
EMSLIMITED,17.01,17.01
EFACTOR,14.94,14.94
GHCLTEXTIL,15.14,15.14
MONOPHARMA,14.75,14.75
VPRPL,18.48,18.48
UDS,17.42,17.42
DENTALKART,57.31,57.31
SYNOPTICS,7.02,7.02
CLSL,29.83,29.83
SSFL,34.69,34.69
KIRLPNU,35.00,34.54
ATL,17.35,16.43
BALUFORGE,33.05,33.05
RRKABEL,44.94,45.07
COMMITTED,56.14,56.14
JSWINFRA,39.18,39.18
SANGANI,28.24,28.24
JLHL,62.72,62.72
NUVAMA,23.51,23.51
GLOBALPET,74.02,74.02
YASHO,349.82,349.82
SERVICE,15.48,15.48
KEL,31.77,31.77
PRAMARA,31.14,31.14
NIITMTS,20.45,19.77
VINSYS,21.59,21.59
ZEAL,12.12,12.12
SAROJA,22.08,22.08
SINDHUTRAD,37.51,37.50
UNIHEALTH,20.80,20.80
ORIANA,27.33,27.33
ASKAUTOLTD,35.05,35.05
CHAVDA,15.32,15.32
BAWEJA,12.27,12.27
TRANSTEEL,19.05,18.97
SANDUMA,17.04,17.04
LLOYDSENT,221.58,221.58
OLIL,36.98,36.98
KODYTECH,75.79,75.79
KARNIKA,48.14,48.14
AKANKSHA,202.08,202.08
SAAKSHI,26.11,26.11
MUFIN,55.40,54.02
MAL,10.93,10.93
HIGREEN,50.25,50.25
PLATIND,26.12,26.12
MUFTI,13.26,13.26
FLAIR,23.65,23.65
BASILIC,40.30,40.30
CELLECOR,28.92,28.92
SRGHFL,17.46,17.46
JIOFIN,129.35,129.35
MCLOUD,172.73,172.73
NEWJAISA,21.74,21.74
GOYALSALT,19.66,19.66
WOMANCART,17.69,17.69
RCDL,28.92,28.92
BLSE,23.90,23.90
HOLMARC,35.29,35.29
TREL,4.39,28.50
MARCO,24.63,24.63
DIAMINESQ,88.31,88.31
VISHNUINFR,15.06,15.06
KONTOR,12.45,12.45
RKSWAMY,31.01,31.01
MICROPRO,8.21,8.21
EPACK,65.24,65.24
HAPPYFORGE,27.96,27.96
IBLFL,57.01,57.01
INDIASHLTR,24.28,24.28
CELLO,32.31,32.31
CANARYS,17.28,17.28
DIGIDRIVE,17.40,17.40
DOMS,76.93,76.93
MAITREYA,43.37,43.37
LANCORHOL,19.58,19.58
AMNPLST,25.16,25.16
SARTELE,37.12,37.12
VINYAS,146.05,146.05
SAIFL,6.62,6.62
JNKINDIA,56.00,56.00
INOXINDIA,43.45,44.63
SHEETAL,47.96,47.96
JYOTICNC,84.13,82.26
STANLEY,64.28,64.28
BAJEL,106.46,86.93
DEEM,9.24,9.24
APS,44.00,44.00
ENTERO,60.82,60.82
SIGNPOST,22.26,22.26
BABAFP,13.05,13.05
SHREEOSFM,15.91,15.91
HRHNEXT,27.61,27.73
DEEDEV,64.14,64.14
MEGATHERM,23.59,23.59
VR,56.81,56.38
KLL,13.32,13.32
ZENITHDRUG,13.62,13.78
SJLOGISTIC,19.37,19.37
PURVFLEXI,17.31,17.31
KTL,3.07,3.07
SRM,18.67,18.67
AZAD,135.52,135.52
PRATHAM,23.11,23.11
JUNIPER,100.62,100.62
KRYSTAL,14.92,14.92
VSTL,21.72,21.72
DURLAX,22.31,22.31
INM,35.53,35.25
ITALIANE,15.28,15.28
MAXESTATES,805.50,805.57
CGRAPHICS,25.88,25.88
ACCENTMIC,13.47,13.47
COMSYN,32.82,32.82
LAWSIKHO,23.68,23.68
SADHAV,12.56,12.56
WTICAB,14.76,14.76
GOPAL,39.97,39.97
DAVANGERE,25.56,25.56
MAXPOSURE,28.04,28.04
ALPEXSOLAR,41.58,45.59
KRONOX,20.08,20.08
VHLTD,18.01,18.18
SONAMAC,11.88,11.88
SIGNORIA,10.66,10.66
TCL,14.66,14.66
DELAPLEX,12.46,12.46
SINCLAIR,27.55,27.55
SHREEKARNI,21.20,21.20
BLUEPEBBLE,17.41,17.41
AIMTRON,41.23,41.23
AWFIS,73.11,128.13
RBS,14.88,14.88
ESCONET,42.44,42.44
VRAJ,10.93,10.93
ENFUSE,32.20,32.20
SANSTAR,40.01,40.01
FILATFASH,34.92,34.92
AVPINFRA,11.01,11.01
SILKFLEX,16.94,16.94
UNIECOM,72.31,72.31
VISHWAS,20.66,20.66
MACOBSTECH,89.80,89.80
TAC,70.27,70.27
BANSALWIRE,48.61,48.57
DPEL,62.22,62.22
VILAS,31.97,31.97
MASON,9.60,9.60
TRUST,18.62,18.62
YASHOPTICS,20.78,20.78
ALUWIND,22.29,22.31
AMBEY,13.08,12.29
SAHAJSOLAR,17.28,17.28
REFRACTORY,24.42,24.42
PRLIND,15.10,15.32
BEACON,30.02,30.02
AKUMS,40.89,42.31
ESPRIT,30.81,30.81
ZTECH,144.98,144.98
WINSOL,43.74,43.74
HOACFOODS,102.90,102.90
GPECO,88.40,88.40
CEIGALL,15.12,15.12
POSITRON,20.70,20.70
KATARIA,42.79,42.79
PCCL,47.61,47.61
TUNWAL,30.27,30.27
RAJINDLTD,39.32,39.32
CHETANA,20.48,20.48
VLINFRA,19.48,19.48
SYLVANPLY,40.45,40.45
TROM,34.73,34.73
NEPHROCARE,71.90,71.90
JAYBEE,39.08,39.08
ASHALOG,14.55,14.55
ENVIRO,17.24,17.24
RPEL,94.17,94.17
EFFWA,50.31,50.31
AVANTEL,57.23,57.23
AGIIL,35.63,35.63
UTSSAV,53.01,53.01
SSEGL,27.34,27.34
PPSL,32.38,32.38
DHARIWAL,44.48,44.48
PRIZOR,35.05,35.05
BOROSCI,60.36,60.36
BAJAJHFL,166.44,166.44
RELTD,183.75,4358.51
PELATRO,54.14,54.14
VMM,482.42,482.42
APRAMEYA,15.44,15.44
DANISH,50.31,50.31
GANESHIN,33.60,33.60
AVL,331.96,331.96
VINCOFE,76.16,76.16
ONESOURCE,183.91,183.91
WAAREERTL,100.29,96.98
BHARATSE,55.45,55.45
